Date;Close
02/01/2013;1862
03/01/2013;1862
04/01/2013;1900
07/01/2013;1900
08/01/2013;1937
09/01/2013;1887
10/01/2013;1850
11/01/2013;1837
14/01/2013;1862
15/01/2013;1900
16/01/2013;1875
17/01/2013;1862
18/01/2013;1925
21/01/2013;1925
22/01/2013;1900
23/01/2013;1925
25/01/2013;1937
28/01/2013;1937
29/01/2013;1937
30/01/2013;1950
31/01/2013;1962
01/02/2013;2125
04/02/2013;2112
05/02/2013;2100
06/02/2013;2100
07/02/2013;2137
08/02/2013;2125
11/02/2013;2125
12/02/2013;2125
13/02/2013;2162
14/02/2013;2187
15/02/2013;2200
18/02/2013;2162
19/02/2013;2125
20/02/2013;2125
21/02/2013;2162
22/02/2013;2187
25/02/2013;2187
26/02/2013;2200
27/02/2013;2187
28/02/2013;2300
01/03/2013;2425
04/03/2013;2425
05/03/2013;2362
06/03/2013;2375
07/03/2013;2400
08/03/2013;2387
11/03/2013;2412
13/03/2013;2387
14/03/2013;2337
15/03/2013;2337
18/03/2013;2350
19/03/2013;2400
20/03/2013;2412
21/03/2013;2387
22/03/2013;2262
25/03/2013;2325
26/03/2013;2412
27/03/2013;2500
28/03/2013;2525
01/04/2013;2525
02/04/2013;2462
03/04/2013;2475
04/04/2013;2425
05/04/2013;2525
08/04/2013;2475
09/04/2013;2462
10/04/2013;2437
11/04/2013;2487
12/04/2013;2525
15/04/2013;2487
16/04/2013;2500
17/04/2013;2625
18/04/2013;2625
19/04/2013;2650
22/04/2013;2675
23/04/2013;2675
24/04/2013;2600
25/04/2013;2625
26/04/2013;2675
29/04/2013;2650
30/04/2013;2700
01/05/2013;2775
02/05/2013;2675
03/05/2013;2650
06/05/2013;2650
07/05/2013;2700
08/05/2013;2675
10/05/2013;2700
13/05/2013;2625
14/05/2013;2750
15/05/2013;2700
16/05/2013;2700
17/05/2013;2650
20/05/2013;2700
21/05/2013;2700
22/05/2013;2725
23/05/2013;2625
24/05/2013;2550
27/05/2013;2475
28/05/2013;2525
29/05/2013;2600
30/05/2013;2525
31/05/2013;2437
03/06/2013;2375
04/06/2013;2375
05/06/2013;2400
07/06/2013;2350
10/06/2013;2325
11/06/2013;2250
12/06/2013;2250
13/06/2013;2225
14/06/2013;2350
17/06/2013;2387
18/06/2013;2412
19/06/2013;2350
20/06/2013;2162
21/06/2013;2075
24/06/2013;2050
25/06/2013;2012
26/06/2013;2100
27/06/2013;2137
28/06/2013;2150
01/07/2013;2150
02/07/2013;2075
03/07/2013;2037
04/07/2013;2000
05/07/2013;2037
08/07/2013;1925
09/07/2013;1912
10/07/2013;1962
11/07/2013;2100
12/07/2013;2100
15/07/2013;2087
16/07/2013;2087
17/07/2013;2112
18/07/2013;2162
19/07/2013;2187
22/07/2013;2112
23/07/2013;2175
24/07/2013;2137
25/07/2013;2162
26/07/2013;2200
29/07/2013;2187
30/07/2013;2187
31/07/2013;2137
01/08/2013;2125
02/08/2013;2150
12/08/2013;2150
13/08/2013;2175
14/08/2013;2175
15/08/2013;2150
16/08/2013;2050
19/08/2013;1937
20/08/2013;1850
21/08/2013;1875
22/08/2013;1850
23/08/2013;1837
26/08/2013;1862
27/08/2013;1800
28/08/2013;1837
29/08/2013;1912
30/08/2013;1925
02/09/2013;1775
03/09/2013;1837
04/09/2013;1750
05/09/2013;1750
06/09/2013;1725
09/09/2013;1825
10/09/2013;2050
11/09/2013;2075
12/09/2013;2137
13/09/2013;2137
16/09/2013;2200
17/09/2013;2200
18/09/2013;2112
19/09/2013;2312
20/09/2013;2162
23/09/2013;2162
24/09/2013;2125
25/09/2013;2175
26/09/2013;2112
27/09/2013;2137
30/09/2013;2037
01/10/2013;2125
02/10/2013;2137
03/10/2013;2150
04/10/2013;2125
07/10/2013;2175
08/10/2013;2212
09/10/2013;2187
10/10/2013;2212
11/10/2013;2262
16/10/2013;2250
17/10/2013;2262
18/10/2013;2275
21/10/2013;2325
22/10/2013;2287
23/10/2013;2300
24/10/2013;2362
25/10/2013;2400
28/10/2013;2412
29/10/2013;2387
30/10/2013;2412
31/10/2013;2400
01/11/2013;2287
04/11/2013;2300
06/11/2013;2325
07/11/2013;2312
08/11/2013;2300
11/11/2013;2262
12/11/2013;2162
13/11/2013;2100
14/11/2013;2175
15/11/2013;2150
18/11/2013;2237
19/11/2013;2237
20/11/2013;2187
21/11/2013;2175
22/11/2013;2150
25/11/2013;2162
26/11/2013;2075
27/11/2013;2062
28/11/2013;2062
29/11/2013;2050
02/12/2013;2125
03/12/2013;2100
04/12/2013;2037
05/12/2013;1962
06/12/2013;1950
09/12/2013;1950
10/12/2013;1987
11/12/2013;1987
12/12/2013;1925
13/12/2013;1912
16/12/2013;1900
17/12/2013;1950
18/12/2013;1950
19/12/2013;1962
20/12/2013;1950
23/12/2013;1950
24/12/2013;1950
27/12/2013;1950
30/12/2013;1975
02/01/2014;1975
03/01/2014;1925
06/01/2014;1840
07/01/2014;1837
08/01/2014;1862
09/01/2014;1910
10/01/2014;1965
13/01/2014;2112
15/01/2014;2187
16/01/2014;2152
17/01/2014;2137
20/01/2014;2117
21/01/2014;2132
22/01/2014;2115
23/01/2014;2137
24/01/2014;2150
27/01/2014;2110
28/01/2014;2165
29/01/2014;2185
30/01/2014;2180
03/02/2014;2135
04/02/2014;2110
05/02/2014;2090
06/02/2014;2115
07/02/2014;2125
10/02/2014;2140
11/02/2014;2140
12/02/2014;2155
13/02/2014;2157
14/02/2014;2190
17/02/2014;2235
18/02/2014;2225
19/02/2014;2235
20/02/2014;2250
21/02/2014;2362
24/02/2014;2327
25/02/2014;2272
26/02/2014;2207
27/02/2014;2252
28/02/2014;2275
03/03/2014;2225
04/03/2014;2252
05/03/2014;2310
06/03/2014;2405
07/03/2014;2412
10/03/2014;2420
11/03/2014;2425
12/03/2014;2425
13/03/2014;2427
14/03/2014;2587
17/03/2014;2575
18/03/2014;2525
19/03/2014;2490
20/03/2014;2382
21/03/2014;2400
24/03/2014;2405
25/03/2014;2400
26/03/2014;2425
27/03/2014;2450
28/03/2014;2480
01/04/2014;2575
02/04/2014;2575
03/04/2014;2612
04/04/2014;2562
07/04/2014;2575
08/04/2014;2600
09/04/2014;2600
10/04/2014;2455
11/04/2014;2460
14/04/2014;2475
15/04/2014;2497
16/04/2014;2512
17/04/2014;2525
21/04/2014;2537
22/04/2014;2537
23/04/2014;2537
24/04/2014;2500
25/04/2014;2525
28/04/2014;2485
29/04/2014;2417
30/04/2014;2407
02/05/2014;2412
05/05/2014;2387
06/05/2014;2390
07/05/2014;2410
08/05/2014;2430
09/05/2014;2432
12/05/2014;2427
13/05/2014;2435
14/05/2014;2480
16/05/2014;2512
19/05/2014;2475
20/05/2014;2402
21/05/2014;2405
22/05/2014;2430
23/05/2014;2447
26/05/2014;2442
28/05/2014;2475
30/05/2014;2387
02/06/2014;2390
03/06/2014;2452
04/06/2014;2450
05/06/2014;2435
06/06/2014;2415
09/06/2014;2375
10/06/2014;2432
11/06/2014;2440
12/06/2014;2405
13/06/2014;2415
16/06/2014;2412
17/06/2014;2450
18/06/2014;2450
19/06/2014;2417
20/06/2014;2410
23/06/2014;2390
24/06/2014;2390
25/06/2014;2392
26/06/2014;2395
27/06/2014;2385
30/06/2014;2382
01/07/2014;2392
02/07/2014;2400
03/07/2014;2372
04/07/2014;2375
07/07/2014;2422
08/07/2014;2490
09/07/2014;2490
10/07/2014;2587
11/07/2014;2525
14/07/2014;2512
15/07/2014;2537
16/07/2014;2575
17/07/2014;2537
18/07/2014;2562
21/07/2014;2575
22/07/2014;2492
23/07/2014;2487
24/07/2014;2500
25/07/2014;2550
04/08/2014;2562
05/08/2014;2575
06/08/2014;2497
07/08/2014;2537
08/08/2014;2537
11/08/2014;2550
12/08/2014;2562
13/08/2014;2575
14/08/2014;2587
15/08/2014;2587
18/08/2014;2625
19/08/2014;2650
20/08/2014;2650
21/08/2014;2700
22/08/2014;2675
25/08/2014;2712
26/08/2014;2662
27/08/2014;2675
28/08/2014;2725
29/08/2014;2675
01/09/2014;2687
02/09/2014;2762
03/09/2014;2825
04/09/2014;2812
05/09/2014;2862
08/09/2014;2862
09/09/2014;2837
10/09/2014;2825
11/09/2014;2900
12/09/2014;2825
15/09/2014;2825
16/09/2014;2787
17/09/2014;2812
18/09/2014;2912
19/09/2014;2912
22/09/2014;2887
23/09/2014;2900
24/09/2014;2925
25/09/2014;2887
26/09/2014;2750
29/09/2014;2800
30/09/2014;2762
01/10/2014;2787
02/10/2014;2600
03/10/2014;2562
06/10/2014;2700
07/10/2014;2725
08/10/2014;2637
09/10/2014;2700
10/10/2014;2675
13/10/2014;2637
14/10/2014;2637
15/10/2014;2762
16/10/2014;2800
17/10/2014;2837
20/10/2014;2850
21/10/2014;2850
22/10/2014;2900
23/10/2014;2900
24/10/2014;2900
27/10/2014;2850
28/10/2014;2812
29/10/2014;2862
30/10/2014;2900
31/10/2014;2975
03/11/2014;2975
04/11/2014;2912
05/11/2014;2850
06/11/2014;2825
07/11/2014;2862
10/11/2014;2837
11/11/2014;2900
12/11/2014;2937
13/11/2014;2937
14/11/2014;2937
17/11/2014;2912
18/11/2014;2900
19/11/2014;2912
20/11/2014;2900
21/11/2014;2887
24/11/2014;2912
25/11/2014;2937
26/11/2014;2950
27/11/2014;3012
28/11/2014;3012
01/12/2014;3112
02/12/2014;3112
03/12/2014;3100
04/12/2014;3100
05/12/2014;3087
08/12/2014;2987
09/12/2014;2962
10/12/2014;3012
11/12/2014;2987
12/12/2014;3000
15/12/2014;2937
16/12/2014;2900
17/12/2014;2950
18/12/2014;2987
19/12/2014;3025
22/12/2014;3062
23/12/2014;3037
24/12/2014;3075
29/12/2014;3050
30/12/2014;3050
02/01/2015;3050
05/01/2015;3012
06/01/2015;3012
07/01/2015;3037
08/01/2015;3037
09/01/2015;3075
12/01/2015;3037
13/01/2015;3075
14/01/2015;3050
15/01/2015;3075
16/01/2015;2987
19/01/2015;2987
20/01/2015;2950
21/01/2015;2987
22/01/2015;2975
23/01/2015;3050
26/01/2015;3050
27/01/2015;3100
28/01/2015;3087
29/01/2015;3075
30/01/2015;3125
02/02/2015;3125
03/02/2015;3212
04/02/2015;3250
05/02/2015;3225
06/02/2015;3337
09/02/2015;3437
10/02/2015;3400
11/02/2015;3362
12/02/2015;3362
13/02/2015;3337
16/02/2015;3337
17/02/2015;3325
18/02/2015;3450
20/02/2015;3450
23/02/2015;3462
24/02/2015;3487
25/02/2015;3487
26/02/2015;3462
27/02/2015;3437
02/03/2015;3425
03/03/2015;3337
04/03/2015;3325
05/03/2015;3337
06/03/2015;3387
09/03/2015;3350
10/03/2015;3375
11/03/2015;3350
12/03/2015;3362
13/03/2015;3375
16/03/2015;3462
17/03/2015;3450
18/03/2015;3475
19/03/2015;3500
20/03/2015;3475
23/03/2015;3500
24/03/2015;3550
25/03/2015;3525
26/03/2015;3550
27/03/2015;3550
30/03/2015;3500
31/03/2015;3612
01/04/2015;3625
02/04/2015;3600
06/04/2015;3587
07/04/2015;3637
08/04/2015;3612
09/04/2015;3587
10/04/2015;3562
13/04/2015;3600
14/04/2015;3550
15/04/2015;3550
16/04/2015;3575
17/04/2015;3525
20/04/2015;3587
21/04/2015;3587
22/04/2015;3550
23/04/2015;3562
24/04/2015;3475
27/04/2015;3250
28/04/2015;3325
29/04/2015;3262
30/04/2015;3212
04/05/2015;3237
05/05/2015;3250
06/05/2015;3275
07/05/2015;3350
08/05/2015;3325
11/05/2015;3325
12/05/2015;3375
13/05/2015;3412
15/05/2015;3362
18/05/2015;3337
19/05/2015;3375
20/05/2015;3387
21/05/2015;3500
22/05/2015;3537
25/05/2015;3525
26/05/2015;3475
27/05/2015;3425
28/05/2015;3450
29/05/2015;3437
01/06/2015;3325
03/06/2015;3187
04/06/2015;3100
05/06/2015;3112
08/06/2015;3012
09/06/2015;2900
10/06/2015;2875
11/06/2015;2787
12/06/2015;2812
15/06/2015;2687
16/06/2015;2750
17/06/2015;2825
18/06/2015;2762
19/06/2015;2787
22/06/2015;2800
23/06/2015;2787
24/06/2015;2750
25/06/2015;2675
26/06/2015;2637
29/06/2015;2625
30/06/2015;2650
01/07/2015;2650
02/07/2015;2787
03/07/2015;2812
06/07/2015;2725
07/07/2015;2775
08/07/2015;2700
09/07/2015;2675
10/07/2015;2725
13/07/2015;2737
14/07/2015;2650
15/07/2015;2537
22/07/2015;2587
23/07/2015;2550
24/07/2015;2500
27/07/2015;2425
28/07/2015;2372
29/07/2015;2320
30/07/2015;2240
31/07/2015;2380
03/08/2015;2407
04/08/2015;2397
05/08/2015;2550
06/08/2015;2587
07/08/2015;2500
10/08/2015;2445
11/08/2015;2332
12/08/2015;2255
13/08/2015;2315
14/08/2015;2287
18/08/2015;2170
19/08/2015;2210
20/08/2015;2210
21/08/2015;2150
24/08/2015;2062
25/08/2015;2175
26/08/2015;2252
27/08/2015;2477
28/08/2015;2500
31/08/2015;2475
01/09/2015;2380
02/09/2015;2350
03/09/2015;2342
04/09/2015;2300
07/09/2015;2245
08/09/2015;2357
09/09/2015;2332
10/09/2015;2242
11/09/2015;2202
14/09/2015;2225
15/09/2015;2180
16/09/2015;2157
17/09/2015;2175
18/09/2015;2142
21/09/2015;2165
22/09/2015;2150
23/09/2015;2140
25/09/2015;2055
28/09/2015;1970
29/09/2015;2035
30/09/2015;2067
01/10/2015;2097
02/10/2015;2072
05/10/2015;2200
06/10/2015;2267
07/10/2015;2350
08/10/2015;2415
09/10/2015;2512
12/10/2015;2512
13/10/2015;2417
15/10/2015;2512
16/10/2015;2550
19/10/2015;2562
20/10/2015;2600
21/10/2015;2612
22/10/2015;2612
23/10/2015;2637
26/10/2015;2650
27/10/2015;2587
28/10/2015;2512
29/10/2015;2407
30/10/2015;2377
02/11/2015;2407
03/11/2015;2475
04/11/2015;2500
05/11/2015;2472
06/11/2015;2407
09/11/2015;2437
10/11/2015;2415
11/11/2015;2400
12/11/2015;2480
13/11/2015;2420
16/11/2015;2410
17/11/2015;2500
18/11/2015;2512
19/11/2015;2600
20/11/2015;2600
23/11/2015;2600
24/11/2015;2575
25/11/2015;2587
26/11/2015;2562
27/11/2015;2490
30/11/2015;2385
01/12/2015;2485
02/12/2015;2492
03/12/2015;2495
04/12/2015;2477
07/12/2015;2500
08/12/2015;2497
09/12/2015;2497
10/12/2015;2500
11/12/2015;2465
14/12/2015;2400
15/12/2015;2395
16/12/2015;2500
17/12/2015;2525
18/12/2015;2480
21/12/2015;2427
22/12/2015;2452
23/12/2015;2440
28/12/2015;2500
29/12/2015;2495
30/12/2015;2495
04/01/2016;2445
05/01/2016;2475
06/01/2016;2525
07/01/2016;2492
08/01/2016;2500
11/01/2016;2467
12/01/2016;2460
13/01/2016;2492
14/01/2016;2512
15/01/2016;2487
18/01/2016;2460
19/01/2016;2480
20/01/2016;2425
21/01/2016;2435
22/01/2016;2500
25/01/2016;2512
26/01/2016;2465
27/01/2016;2475
28/01/2016;2480
29/01/2016;2455
01/02/2016;2440
02/02/2016;2445
03/02/2016;2435
04/02/2016;2475
05/02/2016;2637
09/02/2016;2650
10/02/2016;2662
11/02/2016;2700
12/02/2016;2637
15/02/2016;2700
16/02/2016;2700
17/02/2016;2737
18/02/2016;2725
19/02/2016;2550
22/02/2016;2500
23/02/2016;2477
24/02/2016;2562
25/02/2016;2500
26/02/2016;2512
29/02/2016;2537
01/03/2016;2495
02/03/2016;2500
03/03/2016;2575
04/03/2016;2637
07/03/2016;2650
08/03/2016;2637
10/03/2016;2625
11/03/2016;2625
14/03/2016;2625
15/03/2016;2675
16/03/2016;2675
17/03/2016;2687
18/03/2016;2687
21/03/2016;2687
22/03/2016;2687
23/03/2016;2650
24/03/2016;2575
28/03/2016;2550
29/03/2016;2525
30/03/2016;2587
31/03/2016;2600
01/04/2016;2550
04/04/2016;2562
05/04/2016;2600
06/04/2016;2600
07/04/2016;2637
08/04/2016;2600
11/04/2016;2600
12/04/2016;2550
13/04/2016;2550
14/04/2016;2550
15/04/2016;2550
18/04/2016;2550
19/04/2016;2550
20/04/2016;2455
21/04/2016;2465
22/04/2016;2447
25/04/2016;2397
26/04/2016;2325
27/04/2016;2305
28/04/2016;2310
29/04/2016;2292
02/05/2016;2245
03/05/2016;2315
04/05/2016;2310
09/05/2016;2245
10/05/2016;2280
11/05/2016;2340
12/05/2016;2295
13/05/2016;2240
16/05/2016;2205
17/05/2016;2155
18/05/2016;2200
19/05/2016;2180
20/05/2016;2190
23/05/2016;2215
24/05/2016;2220
25/05/2016;2255
26/05/2016;2275
27/05/2016;2315
30/05/2016;2360
31/05/2016;2400
01/06/2016;2385
02/06/2016;2345
03/06/2016;2350
06/06/2016;2385
07/06/2016;2410
08/06/2016;2410
09/06/2016;2385
10/06/2016;2380
13/06/2016;2345
14/06/2016;2330
15/06/2016;2365
16/06/2016;2335
17/06/2016;2330
20/06/2016;2360
21/06/2016;2425
22/06/2016;2460
23/06/2016;2445
24/06/2016;2445
27/06/2016;2420
28/06/2016;2475
29/06/2016;2600
30/06/2016;2600
01/07/2016;2575
11/07/2016;2650
12/07/2016;2712
13/07/2016;2700
14/07/2016;2650
15/07/2016;2725
18/07/2016;2737
19/07/2016;2800
20/07/2016;2825
21/07/2016;2787
22/07/2016;2650
25/07/2016;2587
26/07/2016;2612
27/07/2016;2687
28/07/2016;2700
29/07/2016;2675
01/08/2016;2762
02/08/2016;2737
03/08/2016;2712
04/08/2016;2725
05/08/2016;2825
08/08/2016;2925
09/08/2016;2900
10/08/2016;2850
11/08/2016;2812
12/08/2016;2812
15/08/2016;2825
16/08/2016;2900
18/08/2016;2937
19/08/2016;2925
22/08/2016;2887
23/08/2016;2900
24/08/2016;2912
25/08/2016;2925
26/08/2016;2912
29/08/2016;2900
30/08/2016;2912
31/08/2016;2937
01/09/2016;2925
02/09/2016;2912
05/09/2016;2912
06/09/2016;2925
07/09/2016;2912
08/09/2016;2900
09/09/2016;2837
13/09/2016;2812
14/09/2016;2750
15/09/2016;2762
16/09/2016;2737
19/09/2016;2650
20/09/2016;2725
21/09/2016;2737
22/09/2016;2787
23/09/2016;2762
26/09/2016;2762
27/09/2016;2800
28/09/2016;2812
29/09/2016;2800
30/09/2016;2775
03/10/2016;2812
04/10/2016;2787
05/10/2016;2762
06/10/2016;2700
07/10/2016;2650
10/10/2016;2650
11/10/2016;2600
12/10/2016;2587
13/10/2016;2687
14/10/2016;2737
17/10/2016;2750
18/10/2016;2700
19/10/2016;2700
20/10/2016;2725
21/10/2016;2712
24/10/2016;2725
25/10/2016;2737
26/10/2016;2725
27/10/2016;2762
28/10/2016;2762
31/10/2016;2787
01/11/2016;2762
02/11/2016;2762
03/11/2016;2737
04/11/2016;2800
07/11/2016;2787
08/11/2016;2862
09/11/2016;2787
10/11/2016;2787
11/11/2016;2575
14/11/2016;2562
15/11/2016;2500
16/11/2016;2612
17/11/2016;2612
18/11/2016;2612
21/11/2016;2600
22/11/2016;2625
23/11/2016;2562
24/11/2016;2500
25/11/2016;2512
28/11/2016;2537
29/11/2016;2550
30/11/2016;2587
01/12/2016;2637
02/12/2016;2650
05/12/2016;2662
06/12/2016;2687
07/12/2016;2675
08/12/2016;2712
09/12/2016;2737
13/12/2016;2737
14/12/2016;2737
15/12/2016;2700
16/12/2016;2675
19/12/2016;2712
20/12/2016;2700
21/12/2016;2675
22/12/2016;2650
23/12/2016;2625
27/12/2016;2625
28/12/2016;2687
29/12/2016;2737
30/12/2016;2762
02/01/2017;2762
03/01/2017;2737
04/01/2017;2800
05/01/2017;2812
06/01/2017;2800
09/01/2017;2775
10/01/2017;2800
11/01/2017;2800
12/01/2017;2775
13/01/2017;2737
16/01/2017;2737
17/01/2017;2762
18/01/2017;2787
19/01/2017;2725
20/01/2017;2725
23/01/2017;2762
24/01/2017;2775
25/01/2017;2750
26/01/2017;2800
27/01/2017;2875
30/01/2017;2862
31/01/2017;2850
01/02/2017;2975
02/02/2017;3012
03/02/2017;2987
06/02/2017;3012
07/02/2017;3050
08/02/2017;3062
09/02/2017;3100
10/02/2017;3125
13/02/2017;3150
14/02/2017;3150
15/02/2017;3150
16/02/2017;3100
17/02/2017;3150
20/02/2017;3137
21/02/2017;3137
22/02/2017;3137
23/02/2017;3162
24/02/2017;3175
27/02/2017;3087
28/02/2017;3125
01/03/2017;3112
02/03/2017;3112
03/03/2017;3175
06/03/2017;3150
07/03/2017;3150
08/03/2017;3137
09/03/2017;3200
10/03/2017;3150
13/03/2017;3175
14/03/2017;3187
15/03/2017;3200
16/03/2017;3300
17/03/2017;3350
20/03/2017;3300
21/03/2017;3287
22/03/2017;3300
23/03/2017;3450
24/03/2017;3400
27/03/2017;3262
29/03/2017;3300
30/03/2017;3187
31/03/2017;3237
03/04/2017;3225
04/04/2017;3275
05/04/2017;3287
06/04/2017;3350
07/04/2017;3237
10/04/2017;3225
11/04/2017;3187
12/04/2017;3187
13/04/2017;3137
17/04/2017;3125
18/04/2017;3175
19/04/2017;3175
20/04/2017;3125
21/04/2017;3075
25/04/2017;3100
26/04/2017;3200
27/04/2017;3187
28/04/2017;3187
02/05/2017;3212
03/05/2017;3200
04/05/2017;3312
05/05/2017;3287
08/05/2017;3362
09/05/2017;3325
10/05/2017;3287
12/05/2017;3337
15/05/2017;3262
16/05/2017;3275
17/05/2017;3250
18/05/2017;3262
19/05/2017;3350
22/05/2017;3412
23/05/2017;3287
24/05/2017;3262
26/05/2017;3237
29/05/2017;3262
30/05/2017;3262
31/05/2017;3275
01/06/2017;3275
02/06/2017;3225
05/06/2017;3237
06/06/2017;3250
07/06/2017;3237
08/06/2017;3225
09/06/2017;3200
12/06/2017;3225
13/06/2017;3225
14/06/2017;3250
15/06/2017;3287
16/06/2017;3250
19/06/2017;3275
20/06/2017;3350
21/06/2017;3312
22/06/2017;3300
23/06/2017;3300
26/06/2017;3300
27/06/2017;3300
28/06/2017;3300
29/06/2017;3300
30/06/2017;3300
03/07/2017;3300
04/07/2017;3287
05/07/2017;3325
06/07/2017;3387
07/07/2017;3362
10/07/2017;3425
11/07/2017;3450
12/07/2017;3500
13/07/2017;3512
14/07/2017;3550
17/07/2017;3512
18/07/2017;3500
19/07/2017;3500
20/07/2017;3475
21/07/2017;3475
24/07/2017;3525
25/07/2017;3550
26/07/2017;3575
27/07/2017;3650
28/07/2017;3675
31/07/2017;3725
01/08/2017;3625
02/08/2017;3637
03/08/2017;3587
04/08/2017;3637
07/08/2017;3587
08/08/2017;3612
09/08/2017;3637
10/08/2017;3637
11/08/2017;3637
14/08/2017;3650
15/08/2017;3700
16/08/2017;3700
17/08/2017;3700
18/08/2017;3700
21/08/2017;3700
22/08/2017;3700
23/08/2017;3700
24/08/2017;3712
25/08/2017;3712
28/08/2017;3687
29/08/2017;3675
30/08/2017;3675
31/08/2017;3675
01/09/2017;3675
04/09/2017;3600
05/09/2017;3612
06/09/2017;3600
07/09/2017;3650
08/09/2017;3612
11/09/2017;3612
12/09/2017;3625
13/09/2017;3625
14/09/2017;3625
15/09/2017;3637
18/09/2017;3625
19/09/2017;3675
20/09/2017;3687
21/09/2017;3687
22/09/2017;3737
25/09/2017;3750
26/09/2017;3700
27/09/2017;3637
28/09/2017;3650
29/09/2017;3700
02/10/2017;3737
03/10/2017;3825
04/10/2017;3812
05/10/2017;3750
06/10/2017;3712
09/10/2017;3687
10/10/2017;3650
11/10/2017;3650
12/10/2017;3750
13/10/2017;3812
16/10/2017;3762
17/10/2017;3775
18/10/2017;3825
19/10/2017;3837
20/10/2017;3825
23/10/2017;3775
24/10/2017;3775
25/10/2017;3800
26/10/2017;3800
27/10/2017;3850
30/10/2017;3800
31/10/2017;3800
01/11/2017;3962
02/11/2017;3912
03/11/2017;3875
06/11/2017;3850
07/11/2017;3975
08/11/2017;3937
09/11/2017;3987
10/11/2017;3987
13/11/2017;3925
14/11/2017;3937
15/11/2017;3837
16/11/2017;3937
17/11/2017;4087
20/11/2017;3987
21/11/2017;3962
22/11/2017;4125
23/11/2017;4112
24/11/2017;4112
27/11/2017;4075
28/11/2017;4200
29/11/2017;4200
30/11/2017;4050
01/12/2017;4050
04/12/2017;4112
05/12/2017;4225
06/12/2017;4262
07/12/2017;4262
08/12/2017;4425
11/12/2017;4450
12/12/2017;4400
13/12/2017;4550
14/12/2017;4612
15/12/2017;4687
18/12/2017;4650
19/12/2017;4762
20/12/2017;4762
21/12/2017;4925
22/12/2017;4925
25/12/2017;4925
26/12/2017;4925
27/12/2017;4950
28/12/2017;4962
29/12/2017;4950
01/01/2018;4950
02/01/2018;4887
03/01/2018;4712
04/01/2018;4700
05/01/2018;4650
08/01/2018;4650
09/01/2018;4650
10/01/2018;4637
11/01/2018;4637
12/01/2018;4637
15/01/2018;4750
16/01/2018;4800
17/01/2018;4800
18/01/2018;4750
19/01/2018;4712
22/01/2018;4700
23/01/2018;4825
24/01/2018;4862
25/01/2018;4800
26/01/2018;4800
29/01/2018;4750
30/01/2018;4612
31/01/2018;4700
01/02/2018;4662
02/02/2018;4650
05/02/2018;4637
06/02/2018;4537
07/02/2018;4775
08/02/2018;4750
09/02/2018;4712
12/02/2018;4762
13/02/2018;4850
14/02/2018;4850
15/02/2018;4812
16/02/2018;4812
19/02/2018;4937
20/02/2018;4962
21/02/2018;5087
22/02/2018;4887
23/02/2018;4925
26/02/2018;4912
27/02/2018;4912
28/02/2018;4862
01/03/2018;4812
02/03/2018;4762
05/03/2018;4775
06/03/2018;4587
07/03/2018;4537
08/03/2018;4675
09/03/2018;4700
12/03/2018;4675
13/03/2018;4625
14/03/2018;4725
15/03/2018;4700
16/03/2018;4762
19/03/2018;4800
20/03/2018;4625
21/03/2018;4637
22/03/2018;4450
23/03/2018;4362
26/03/2018;4575
27/03/2018;4600
28/03/2018;4325
29/03/2018;4337
30/03/2018;4337
02/04/2018;4362
03/04/2018;4312
04/04/2018;4137
05/04/2018;4100
06/04/2018;4150
09/04/2018;4250
10/04/2018;4362
11/04/2018;4287
12/04/2018;4325
13/04/2018;4412
16/04/2018;4412
17/04/2018;4412
18/04/2018;4387
19/04/2018;4387
20/04/2018;4387
23/04/2018;4362
24/04/2018;4187
25/04/2018;4187
26/04/2018;4187
27/04/2018;4187
30/04/2018;4025
01/05/2018;4025
02/05/2018;4000
03/05/2018;3862
04/05/2018;3737
07/05/2018;3662
08/05/2018;3662
09/05/2018;4025
10/05/2018;4025
11/05/2018;4137
14/05/2018;4100
15/05/2018;4037
16/05/2018;4000
17/05/2018;3900
18/05/2018;3787
21/05/2018;3650
22/05/2018;3562
23/05/2018;3600
24/05/2018;3837
25/05/2018;3987
28/05/2018;4287
29/05/2018;4287
30/05/2018;4325
31/05/2018;4237
01/06/2018;4237
04/06/2018;4237
05/06/2018;4137
06/06/2018;4125
07/06/2018;4225
08/06/2018;4025
11/06/2018;4025
12/06/2018;4025
13/06/2018;4025
14/06/2018;4025
15/06/2018;4025
18/06/2018;4025
19/06/2018;4025
20/06/2018;3762
21/06/2018;3700
22/06/2018;3700
25/06/2018;3650
26/06/2018;3575
27/06/2018;3525
28/06/2018;3400
29/06/2018;3525
02/07/2018;3525
03/07/2018;3475
04/07/2018;3600
05/07/2018;3550
06/07/2018;3475
09/07/2018;3600
10/07/2018;3650
11/07/2018;3587
12/07/2018;3512
13/07/2018;3625
16/07/2018;3675
17/07/2018;3712
18/07/2018;3687
19/07/2018;3687
20/07/2018;3625
23/07/2018;3650
24/07/2018;3675
25/07/2018;3650
26/07/2018;3787
27/07/2018;3725
30/07/2018;3750
31/07/2018;3700
01/08/2018;3912
02/08/2018;3900
03/08/2018;3950
06/08/2018;4100
07/08/2018;4050
08/08/2018;4050
09/08/2018;3975
10/08/2018;3987
13/08/2018;3700
14/08/2018;3650
15/08/2018;3687
16/08/2018;3537
17/08/2018;3537
20/08/2018;3637
21/08/2018;3687
22/08/2018;3687
23/08/2018;3775
24/08/2018;3712
27/08/2018;3837
28/08/2018;3937
29/08/2018;3925
30/08/2018;3812
31/08/2018;3900
03/09/2018;3925
04/09/2018;3750
05/09/2018;3537
06/09/2018;3637
07/09/2018;3675
10/09/2018;3637
11/09/2018;3637
12/09/2018;3562
13/09/2018;3675
14/09/2018;3762
17/09/2018;3612
18/09/2018;3612
19/09/2018;3587
20/09/2018;3650
21/09/2018;3825
24/09/2018;3687
25/09/2018;3675
26/09/2018;3662
27/09/2018;3675
28/09/2018;3700
01/10/2018;3750
02/10/2018;3637
03/10/2018;3625
04/10/2018;3450
05/10/2018;3437
08/10/2018;3412
09/10/2018;3412
10/10/2018;3475
11/10/2018;3362
12/10/2018;3462
15/10/2018;3525
16/10/2018;3625
17/10/2018;3662
18/10/2018;3600
19/10/2018;3587
22/10/2018;3587
23/10/2018;3562
24/10/2018;3525
25/10/2018;3537
26/10/2018;3550
29/10/2018;3537
30/10/2018;3587
31/10/2018;3662
01/11/2018;3712
02/11/2018;3887
05/11/2018;3800
06/11/2018;3875
07/11/2018;3900
08/11/2018;3950
09/11/2018;4000
12/11/2018;3800
13/11/2018;3950
14/11/2018;4012
15/11/2018;4125
16/11/2018;4150
19/11/2018;4200
20/11/2018;4200
21/11/2018;4125
22/11/2018;4200
23/11/2018;4212
26/11/2018;4212
27/11/2018;4325
28/11/2018;4275
29/11/2018;4387
30/11/2018;4250
03/12/2018;4375
04/12/2018;4400
05/12/2018;4375
06/12/2018;4325
07/12/2018;4287
10/12/2018;4287
11/12/2018;4225
12/12/2018;4225
13/12/2018;4275
14/12/2018;4300
17/12/2018;4287
18/12/2018;4312
19/12/2018;4350
20/12/2018;4337
21/12/2018;4337
24/12/2018;4337
25/12/2018;4337
26/12/2018;4350
27/12/2018;4400
28/12/2018;4400
31/12/2018;4400
01/01/2019;4400
02/01/2019;4362
03/01/2019;4362
04/01/2019;4362
07/01/2019;4437
08/01/2019;4450
09/01/2019;4425
10/01/2019;4425
11/01/2019;4462
14/01/2019;4437
15/01/2019;4500
16/01/2019;4625
17/01/2019;4625
18/01/2019;4700
21/01/2019;4612
22/01/2019;4625
23/01/2019;4525
24/01/2019;4500
25/01/2019;4550
28/01/2019;4550
29/01/2019;4512
30/01/2019;4500
31/01/2019;4537
01/02/2019;4625
04/02/2019;4562
05/02/2019;4562
06/02/2019;4550
07/02/2019;4537
08/02/2019;4487
11/02/2019;4525
12/02/2019;4450
13/02/2019;4325
14/02/2019;4387
15/02/2019;4387
18/02/2019;4487
19/02/2019;4437
20/02/2019;4412
21/02/2019;4462
22/02/2019;4362
25/02/2019;4400
26/02/2019;4425
27/02/2019;4425
28/02/2019;4400
01/03/2019;4487
04/03/2019;4475
05/03/2019;4400
06/03/2019;4400
07/03/2019;4400
08/03/2019;4337
11/03/2019;4337
12/03/2019;4337
13/03/2019;4300
14/03/2019;4412
15/03/2019;4537
18/03/2019;4675
19/03/2019;4675
20/03/2019;4650
21/03/2019;4762
22/03/2019;4800
25/03/2019;4600
26/03/2019;4687
27/03/2019;4675
28/03/2019;4712
29/03/2019;4700
01/04/2019;4725
02/04/2019;4737
03/04/2019;4737
04/04/2019;4850
05/04/2019;4862
08/04/2019;4737
09/04/2019;4837
10/04/2019;4850
11/04/2019;4812
12/04/2019;4837
15/04/2019;4825
16/04/2019;4850
17/04/2019;4850
18/04/2019;4925
19/04/2019;4925
22/04/2019;4837
23/04/2019;4900
24/04/2019;4900
25/04/2019;4800
26/04/2019;4825
29/04/2019;4812
30/04/2019;4800
01/05/2019;4800
02/05/2019;4712
03/05/2019;4625
06/05/2019;4437
07/05/2019;4475
08/05/2019;4375
09/05/2019;4287
10/05/2019;4300
13/05/2019;4250
14/05/2019;4225
15/05/2019;4112
16/05/2019;4087
17/05/2019;4050
20/05/2019;4212
21/05/2019;4300
22/05/2019;4150
23/05/2019;4250
24/05/2019;4325
27/05/2019;4350
28/05/2019;4075
29/05/2019;4075
30/05/2019;4075
31/05/2019;4200
03/06/2019;4200
04/06/2019;4200
05/06/2019;4200
06/06/2019;4200
07/06/2019;4200
10/06/2019;4337
11/06/2019;4287
12/06/2019;4300
13/06/2019;4325
14/06/2019;4250
17/06/2019;4225
18/06/2019;4362
19/06/2019;4450
20/06/2019;4400
21/06/2019;4425
24/06/2019;4437
25/06/2019;4462
26/06/2019;4425
27/06/2019;4450
28/06/2019;4600
01/07/2019;4687
02/07/2019;4675
03/07/2019;4662
04/07/2019;4687
05/07/2019;4600
08/07/2019;4487
09/07/2019;4575
10/07/2019;4575
11/07/2019;4625
12/07/2019;4600
15/07/2019;4587
16/07/2019;4537
17/07/2019;4525
18/07/2019;4437
19/07/2019;4450
22/07/2019;4425
23/07/2019;4312
24/07/2019;4212
25/07/2019;4250
26/07/2019;4212
29/07/2019;4175
30/07/2019;4175
31/07/2019;4237
01/08/2019;4125
02/08/2019;4050
05/08/2019;3962
06/08/2019;3912
07/08/2019;3937
08/08/2019;4062
09/08/2019;3962
12/08/2019;3962
13/08/2019;3950
14/08/2019;4050
15/08/2019;4012
16/08/2019;3962
19/08/2019;3937
20/08/2019;3875
21/08/2019;3787
22/08/2019;3800
23/08/2019;3812
26/08/2019;3750
27/08/2019;3787
28/08/2019;3800
29/08/2019;3762
30/08/2019;3850
02/09/2019;3812
03/09/2019;3725
04/09/2019;3712
05/09/2019;3762
06/09/2019;3800
09/09/2019;3775
10/09/2019;3875
11/09/2019;4000
12/09/2019;3937
13/09/2019;3925
16/09/2019;3837
17/09/2019;3875
18/09/2019;3950
19/09/2019;3887
20/09/2019;3825
23/09/2019;3787
24/09/2019;3725
25/09/2019;3737
26/09/2019;3775
27/09/2019;3712
30/09/2019;3675
01/10/2019;3637
02/10/2019;3462
03/10/2019;3450
04/10/2019;3437
07/10/2019;3337
08/10/2019;3412
09/10/2019;3375
10/10/2019;3375
11/10/2019;3487
14/10/2019;3462
15/10/2019;3575
16/10/2019;3625
17/10/2019;3687
18/10/2019;3737
21/10/2019;3687
22/10/2019;3662
23/10/2019;3775
24/10/2019;3950
25/10/2019;3912
28/10/2019;3887
29/10/2019;3862
30/10/2019;3875
31/10/2019;3837
01/11/2019;3837
04/11/2019;3812
05/11/2019;3862
06/11/2019;3750
07/11/2019;3800
08/11/2019;3837
11/11/2019;3775
12/11/2019;3800
13/11/2019;3675
14/11/2019;3650
15/11/2019;3725
18/11/2019;3712
19/11/2019;3800
20/11/2019;3825
21/11/2019;3850
22/11/2019;3825
25/11/2019;3750
26/11/2019;3750
27/11/2019;3737
28/11/2019;3700
29/11/2019;3750
02/12/2019;3775
03/12/2019;3775
04/12/2019;3712
05/12/2019;3725
06/12/2019;3787
09/12/2019;3787
10/12/2019;3800
11/12/2019;3762
12/12/2019;3762
13/12/2019;3825
16/12/2019;3850
17/12/2019;3850
18/12/2019;3912
19/12/2019;3912
20/12/2019;3900
23/12/2019;3962
26/12/2019;3975
27/12/2019;3962
30/12/2019;3925
02/01/2020;3887
03/01/2020;3900
06/01/2020;3812
07/01/2020;3775
08/01/2020;3712
09/01/2020;3850
10/01/2020;3862
13/01/2020;3887
14/01/2020;3925
15/01/2020;3837
16/01/2020;3850
17/01/2020;3887
20/01/2020;3775
21/01/2020;3787
22/01/2020;3812
23/01/2020;3825
24/01/2020;3850
27/01/2020;3725
28/01/2020;3737
29/01/2020;3675
30/01/2020;3625
31/01/2020;3600
03/02/2020;3562
04/02/2020;3675
05/02/2020;3712
06/02/2020;3675
07/02/2020;3675
10/02/2020;3662
11/02/2020;3650
12/02/2020;3637
13/02/2020;3700
14/02/2020;3762
17/02/2020;3812
18/02/2020;3850
19/02/2020;3887
20/02/2020;3962
21/02/2020;3887
24/02/2020;3787
25/02/2020;3750
26/02/2020;3650
27/02/2020;3537
28/02/2020;3512
02/03/2020;3375
03/03/2020;3400
04/03/2020;3475
05/03/2020;3412
06/03/2020;3200
09/03/2020;2825
10/03/2020;2837
11/03/2020;2762
12/03/2020;2512
13/03/2020;2512
16/03/2020;2420
17/03/2020;2255
18/03/2020;2100
19/03/2020;1955
20/03/2020;1820
23/03/2020;1695
24/03/2020;1580
26/03/2020;1795
27/03/2020;1995
30/03/2020;1860
31/03/2020;1910
01/04/2020;1840
02/04/2020;1925
03/04/2020;2005
06/04/2020;2145
07/04/2020;2155
08/04/2020;2005
09/04/2020;1995
13/04/2020;1995
14/04/2020;2075
15/04/2020;2100
16/04/2020;1990
17/04/2020;2080
20/04/2020;2050
21/04/2020;2015
22/04/2020;2010
23/04/2020;2010
24/04/2020;1900
27/04/2020;1900
28/04/2020;1910
29/04/2020;1880
30/04/2020;2050
04/05/2020;1960
05/05/2020;1920
06/05/2020;1915
08/05/2020;1900
11/05/2020;1900
12/05/2020;1830
13/05/2020;1860
14/05/2020;1770
15/05/2020;1670
18/05/2020;1665
19/05/2020;1760
20/05/2020;1800
26/05/2020;1815
27/05/2020;1815
28/05/2020;1830
29/05/2020;1915
02/06/2020;1985
03/06/2020;2065
04/06/2020;2070
05/06/2020;2125
08/06/2020;2415
09/06/2020;2430
10/06/2020;2260
11/06/2020;2105
12/06/2020;2235
15/06/2020;2100
16/06/2020;2305
17/06/2020;2275
18/06/2020;2250
19/06/2020;2240
22/06/2020;2235
23/06/2020;2190
24/06/2020;2370
25/06/2020;2275
26/06/2020;2290
29/06/2020;2295
30/06/2020;2290
01/07/2020;2270
02/07/2020;2295
03/07/2020;2280
06/07/2020;2305
07/07/2020;2300
08/07/2020;2400
09/07/2020;2365
10/07/2020;2335
13/07/2020;2375
14/07/2020;2360
15/07/2020;2355
16/07/2020;2350
17/07/2020;2335
20/07/2020;2270
21/07/2020;2340
22/07/2020;2335
23/07/2020;2355
24/07/2020;2305
27/07/2020;2325
28/07/2020;2340
29/07/2020;2295
30/07/2020;2300
03/08/2020;2220
04/08/2020;2280
05/08/2020;2315
06/08/2020;2320
07/08/2020;2310
10/08/2020;2310
11/08/2020;2390
12/08/2020;2562
13/08/2020;2537
14/08/2020;2500
18/08/2020;2525
19/08/2020;2525
24/08/2020;2550
25/08/2020;2637
26/08/2020;2662
27/08/2020;2650
28/08/2020;2625
31/08/2020;2550
01/09/2020;2587
02/09/2020;2612
03/09/2020;2675
04/09/2020;2612
07/09/2020;2625
08/09/2020;2625
09/09/2020;2512
10/09/2020;2340
11/09/2020;2435
14/09/2020;2525
15/09/2020;2470
16/09/2020;2435
17/09/2020;2360
18/09/2020;2370
21/09/2020;2295
22/09/2020;2270
23/09/2020;2210
24/09/2020;2165
25/09/2020;2300
28/09/2020;2270
29/09/2020;2255
30/09/2020;2220
01/10/2020;2285
02/10/2020;2255
05/10/2020;2310
06/10/2020;2335
07/10/2020;2335
08/10/2020;2335
09/10/2020;2320
12/10/2020;2335
13/10/2020;2380
14/10/2020;2475
15/10/2020;2390
16/10/2020;2405
19/10/2020;2445
20/10/2020;2405
21/10/2020;2440
22/10/2020;2430
23/10/2020;2425
26/10/2020;2425
27/10/2020;2370
02/11/2020;2330
03/11/2020;2335
04/11/2020;2310
05/11/2020;2415
06/11/2020;2480
09/11/2020;2550
10/11/2020;2662
11/11/2020;2737
12/11/2020;2687
13/11/2020;2825
16/11/2020;2837
17/11/2020;2875
18/11/2020;2862
19/11/2020;2875
20/11/2020;2837
23/11/2020;2950
24/11/2020;2975
25/11/2020;3025
26/11/2020;3150
27/11/2020;3175
30/11/2020;3000
01/12/2020;3125
02/12/2020;3175
03/12/2020;3175
04/12/2020;3175
07/12/2020;3325
08/12/2020;3325
10/12/2020;3300
11/12/2020;3287
14/12/2020;3287
15/12/2020;3250
16/12/2020;3337
17/12/2020;3337
18/12/2020;3325
21/12/2020;3300
22/12/2020;3150
23/12/2020;3125
28/12/2020;3225
29/12/2020;3150
30/12/2020;3087
04/01/2021;3187
05/01/2021;3250
06/01/2021;3200
07/01/2021;3212
08/01/2021;3237
11/01/2021;3262
12/01/2021;3250
13/01/2021;3262
14/01/2021;3225
15/01/2021;3162
18/01/2021;3150
19/01/2021;3112
20/01/2021;3212
21/01/2021;3212
22/01/2021;3137
25/01/2021;3112
26/01/2021;3037
27/01/2021;2987
28/01/2021;2887
29/01/2021;2775
01/02/2021;2925
02/02/2021;2950
03/02/2021;3150
04/02/2021;3137
05/02/2021;3150
08/02/2021;3150
09/02/2021;3112
10/02/2021;3100
11/02/2021;3100
15/02/2021;3112
16/02/2021;3175
17/02/2021;3075
18/02/2021;3012
19/02/2021;3000
22/02/2021;2962
23/02/2021;2975
24/02/2021;3037
25/02/2021;3037
26/02/2021;2975
01/03/2021;3112
02/03/2021;3075
03/03/2021;3012
04/03/2021;3000
05/03/2021;3000
08/03/2021;3000
09/03/2021;2987
10/03/2021;3025
12/03/2021;3075
15/03/2021;3162
16/03/2021;3112
17/03/2021;3050
18/03/2021;3137
19/03/2021;3075
22/03/2021;3050
23/03/2021;3050
24/03/2021;2975
25/03/2021;2950
26/03/2021;3025
29/03/2021;3025
30/03/2021;2900
31/03/2021;2862
01/04/2021;2837
05/04/2021;2875
06/04/2021;2912
07/04/2021;2887
08/04/2021;2900
09/04/2021;3000
12/04/2021;2925
13/04/2021;2900
14/04/2021;2950
15/04/2021;2987
16/04/2021;2975
19/04/2021;2937
20/04/2021;2962
21/04/2021;2887
22/04/2021;2837
23/04/2021;2887
26/04/2021;2862
27/04/2021;2950
28/04/2021;2912
29/04/2021;2937
30/04/2021;2850
03/05/2021;2787
04/05/2021;2812
05/05/2021;2837
06/05/2021;2850
07/05/2021;2800
10/05/2021;2787
11/05/2021;2762
17/05/2021;2750
18/05/2021;2725
19/05/2021;2625
20/05/2021;2625
21/05/2021;2662
24/05/2021;2650
25/05/2021;2662
27/05/2021;2575
28/05/2021;2600
31/05/2021;2700
02/06/2021;2775
03/06/2021;2875
04/06/2021;2812
07/06/2021;2762
08/06/2021;2762
09/06/2021;2812
10/06/2021;2837
11/06/2021;2837
14/06/2021;2775
15/06/2021;2762
16/06/2021;2687
17/06/2021;2625
18/06/2021;2470
21/06/2021;2485
22/06/2021;2475
23/06/2021;2425
24/06/2021;2410
25/06/2021;2380
28/06/2021;2290
29/06/2021;2290
30/06/2021;2315
01/07/2021;2350
02/07/2021;2415
05/07/2021;2360
06/07/2021;2355
07/07/2021;2365
08/07/2021;2380
09/07/2021;2320
12/07/2021;2350
13/07/2021;2335
14/07/2021;2290
15/07/2021;2360
16/07/2021;2405
19/07/2021;2410
21/07/2021;2450
22/07/2021;2575
23/07/2021;2537
26/07/2021;2525
27/07/2021;2512
28/07/2021;2480
29/07/2021;2465
30/07/2021;2390
02/08/2021;2410
03/08/2021;2475
04/08/2021;2525
05/08/2021;2600
06/08/2021;2562
09/08/2021;2490
10/08/2021;2495
12/08/2021;2537
13/08/2021;2550
16/08/2021;2575
18/08/2021;2712
19/08/2021;2650
20/08/2021;2712
23/08/2021;2675
24/08/2021;2662
25/08/2021;2625
26/08/2021;2612
27/08/2021;2650
30/08/2021;2700
31/08/2021;2700
01/09/2021;2662
02/09/2021;2625
03/09/2021;2725
06/09/2021;2725
07/09/2021;2700
08/09/2021;2662
09/09/2021;2700
10/09/2021;2725
13/09/2021;2700
14/09/2021;2700
15/09/2021;2675
16/09/2021;2637
17/09/2021;2650
20/09/2021;2575
21/09/2021;2562
22/09/2021;2575
23/09/2021;2562
24/09/2021;2550
27/09/2021;2537
28/09/2021;2525
29/09/2021;2612
30/09/2021;2687
01/10/2021;2675
04/10/2021;2850
05/10/2021;2850
06/10/2021;3000
07/10/2021;2987
08/10/2021;3075
11/10/2021;3200
12/10/2021;3200
13/10/2021;3337
14/10/2021;3437
15/10/2021;3375
18/10/2021;3537
19/10/2021;3612
21/10/2021;3662
22/10/2021;3725
25/10/2021;3675
26/10/2021;3637
27/10/2021;3537
28/10/2021;3525
29/10/2021;3500
01/11/2021;3425
02/11/2021;3400
03/11/2021;3512
04/11/2021;3500
05/11/2021;3475
08/11/2021;3525
09/11/2021;3525
10/11/2021;3537
11/11/2021;3512
12/11/2021;3450
15/11/2021;3400
16/11/2021;3437
17/11/2021;3500
18/11/2021;3462
19/11/2021;3512
22/11/2021;3587
23/11/2021;3500
24/11/2021;3537
25/11/2021;3587
26/11/2021;3437
29/11/2021;3475
30/11/2021;3400
01/12/2021;3325
02/12/2021;3412
03/12/2021;3362
06/12/2021;3425
07/12/2021;3525
08/12/2021;3425
09/12/2021;3412
10/12/2021;3387
13/12/2021;3425
14/12/2021;3437
15/12/2021;3437
16/12/2021;3375
17/12/2021;3375
20/12/2021;3362
21/12/2021;3350
22/12/2021;3312
23/12/2021;3325
24/12/2021;3362
27/12/2021;3375
28/12/2021;3350
29/12/2021;3362
30/12/2021;3375
03/01/2022;3362
04/01/2022;3512
05/01/2022;3475
06/01/2022;3475
07/01/2022;3537
10/01/2022;3525
11/01/2022;3512
12/01/2022;3525
13/01/2022;3512
14/01/2022;3550
17/01/2022;3600
18/01/2022;3537
19/01/2022;3550
20/01/2022;3575
21/01/2022;3587
24/01/2022;3550
25/01/2022;3400
26/01/2022;3562
27/01/2022;3600
28/01/2022;3750
31/01/2022;3662
02/02/2022;3687
03/02/2022;3650
04/02/2022;3662
07/02/2022;3687
08/02/2022;3750
09/02/2022;3787
10/02/2022;3837
11/02/2022;3850
14/02/2022;3850
15/02/2022;3962
16/02/2022;3975
17/02/2022;3950
18/02/2022;3987
21/02/2022;3950
22/02/2022;3875
23/02/2022;3962
24/02/2022;3912
25/02/2022;4000
01/03/2022;3962
02/03/2022;3887
04/03/2022;3950
07/03/2022;3862
08/03/2022;3800
09/03/2022;3887
10/03/2022;3887
11/03/2022;3975
14/03/2022;4050
15/03/2022;4037
16/03/2022;4175
17/03/2022;4112
18/03/2022;4150
21/03/2022;4037
22/03/2022;4012
23/03/2022;4037
24/03/2022;4112
25/03/2022;4112
28/03/2022;4250
29/03/2022;4187
30/03/2022;4200
31/03/2022;4125
01/04/2022;4100
04/04/2022;4212
05/04/2022;4187
06/04/2022;4075
07/04/2022;4150
08/04/2022;4212
11/04/2022;4200
12/04/2022;4212
13/04/2022;4225
14/04/2022;4200
18/04/2022;4212
19/04/2022;4200
20/04/2022;4487
21/04/2022;4687
22/04/2022;4675
25/04/2022;4750
26/04/2022;4800
27/04/2022;4725
28/04/2022;4612
09/05/2022;4412
10/05/2022;4450
11/05/2022;4387
12/05/2022;4100
13/05/2022;4125
17/05/2022;4225
18/05/2022;4375
19/05/2022;4337
20/05/2022;4387
23/05/2022;4425
24/05/2022;4537
25/05/2022;4462
27/05/2022;4600
30/05/2022;4600
31/05/2022;4587
02/06/2022;4425
03/06/2022;4475
06/06/2022;4450
07/06/2022;4450
08/06/2022;4500
09/06/2022;4337
10/06/2022;4150
13/06/2022;4125
14/06/2022;4137
15/06/2022;4137
16/06/2022;4125
17/06/2022;4087
20/06/2022;4062
21/06/2022;4225
22/06/2022;4075
23/06/2022;4075
24/06/2022;4075
27/06/2022;4025
28/06/2022;4037
29/06/2022;4012
30/06/2022;3925
01/07/2022;3925
04/07/2022;3825
05/07/2022;3875
06/07/2022;3825
07/07/2022;3800
08/07/2022;3800
11/07/2022;3750
12/07/2022;3725
13/07/2022;3612
14/07/2022;3637
15/07/2022;3637
18/07/2022;3662
19/07/2022;3650
20/07/2022;3837
21/07/2022;3862
22/07/2022;3850
25/07/2022;3800
26/07/2022;3837
27/07/2022;3887
28/07/2022;3912
29/07/2022;3925
01/08/2022;3975
02/08/2022;4037
03/08/2022;4062
04/08/2022;4000
05/08/2022;4125
08/08/2022;4125
09/08/2022;4225
10/08/2022;4237
11/08/2022;4262
12/08/2022;4262
15/08/2022;4275
16/08/2022;4287
18/08/2022;4325
19/08/2022;4250
22/08/2022;4150
23/08/2022;4150
24/08/2022;4150
25/08/2022;4137
26/08/2022;4150
29/08/2022;4100
30/08/2022;4212
31/08/2022;4262
01/09/2022;4262
02/09/2022;4350
05/09/2022;4425
06/09/2022;4375
07/09/2022;4287
08/09/2022;4387
09/09/2022;4400
12/09/2022;4400
13/09/2022;4487
14/09/2022;4450
15/09/2022;4587
16/09/2022;4475
19/09/2022;4487
20/09/2022;4487
21/09/2022;4487
22/09/2022;4500
23/09/2022;4500
26/09/2022;4500
27/09/2022;4500
28/09/2022;4500
29/09/2022;4487
30/09/2022;4487
03/10/2022;4450
04/10/2022;4425
05/10/2022;4425
06/10/2022;4450
07/10/2022;4387
10/10/2022;4375
11/10/2022;4350
12/10/2022;4325
13/10/2022;4375
14/10/2022;4212
17/10/2022;4287
18/10/2022;4337
19/10/2022;4387
20/10/2022;4500
21/10/2022;4500
24/10/2022;4675
25/10/2022;4712
26/10/2022;4612
27/10/2022;4675
28/10/2022;4662
31/10/2022;4700
01/11/2022;4700
02/11/2022;4625
03/11/2022;4650
04/11/2022;4637
07/11/2022;4637
08/11/2022;4625
09/11/2022;4650
10/11/2022;4637
11/11/2022;4650
14/11/2022;4550
15/11/2022;4562
16/11/2022;4550
17/11/2022;4637
18/11/2022;4600
21/11/2022;4587
22/11/2022;4625
23/11/2022;4625
24/11/2022;4637
25/11/2022;4650
28/11/2022;4637
29/11/2022;4687
30/11/2022;4950
01/12/2022;4850
02/12/2022;4875
05/12/2022;4875
06/12/2022;4775
07/12/2022;4750
08/12/2022;4750
09/12/2022;4775
12/12/2022;4762
13/12/2022;4825
14/12/2022;4762
15/12/2022;4737
16/12/2022;4900
19/12/2022;4712
20/12/2022;4725
21/12/2022;4675
22/12/2022;4712
23/12/2022;4662
26/12/2022;4662
27/12/2022;4650
28/12/2022;4612
29/12/2022;4612
30/12/2022;4612
02/01/2023;4612
03/01/2023;4637
04/01/2023;4587
05/01/2023;4500
06/01/2023;4450
09/01/2023;4500
10/01/2023;4362
11/01/2023;4250
12/01/2023;4300
13/01/2023;4337
16/01/2023;4387
17/01/2023;4462
18/01/2023;4437
19/01/2023;4475
20/01/2023;4512
24/01/2023;4525
25/01/2023;4537
26/01/2023;4737
27/01/2023;4775
30/01/2023;4650
31/01/2023;4575
01/02/2023;4562
02/02/2023;4550
03/02/2023;4650
06/02/2023;4675
07/02/2023;4687
08/02/2023;4737
09/02/2023;4775
10/02/2023;4762
13/02/2023;4750
14/02/2023;4725
15/02/2023;4712
16/02/2023;4675
17/02/2023;4637
20/02/2023;4575
21/02/2023;4525
22/02/2023;4425
23/02/2023;4475
24/02/2023;4450
27/02/2023;4475
28/02/2023;4387
01/03/2023;4475
02/03/2023;4437
03/03/2023;4375
06/03/2023;4400
07/03/2023;4450
08/03/2023;4437
09/03/2023;4575
10/03/2023;4512
13/03/2023;4500
14/03/2023;4387
15/03/2023;4400
16/03/2023;4475
17/03/2023;4512
20/03/2023;4500
21/03/2023;4612
24/03/2023;4812
27/03/2023;4750
28/03/2023;4512
29/03/2023;4600
30/03/2023;4675
31/03/2023;4675
03/04/2023;4675
04/04/2023;4675
05/04/2023;4662
06/04/2023;4687
10/04/2023;4662
11/04/2023;4687
12/04/2023;4675
13/04/2023;4687
14/04/2023;4700
17/04/2023;4725
18/04/2023;4737
26/04/2023;4787
27/04/2023;4750
28/04/2023;4712
02/05/2023;4775
03/05/2023;4737
04/05/2023;4650
05/05/2023;4625
08/05/2023;4575
09/05/2023;4562
10/05/2023;4600
11/05/2023;4575
12/05/2023;4500
15/05/2023;4450
16/05/2023;4375
17/05/2023;4375
19/05/2023;4412
22/05/2023;4425
23/05/2023;4475
24/05/2023;4412
25/05/2023;4500
26/05/2023;4475
29/05/2023;4525
30/05/2023;4512
31/05/2023;4525
05/06/2023;4500
06/06/2023;4600
07/06/2023;4575
08/06/2023;4600
09/06/2023;4612
12/06/2023;4650
13/06/2023;4562
14/06/2023;4487
15/06/2023;4550
16/06/2023;4512
19/06/2023;4525
20/06/2023;4537
21/06/2023;4550
22/06/2023;4525
23/06/2023;4512
26/06/2023;4562
27/06/2023;4575
03/07/2023;4612
04/07/2023;4550
05/07/2023;4575
06/07/2023;4550
07/07/2023;4537
10/07/2023;4525
11/07/2023;4487
12/07/2023;4475
13/07/2023;4450
14/07/2023;4462
17/07/2023;4475
18/07/2023;4450
20/07/2023;4525
21/07/2023;4525
24/07/2023;4512
25/07/2023;4512
26/07/2023;4475
27/07/2023;4450
28/07/2023;4437
31/07/2023;4437
01/08/2023;4337
02/08/2023;4437
03/08/2023;4475
04/08/2023;4500
07/08/2023;4500
08/08/2023;4462
09/08/2023;4537
10/08/2023;4550
11/08/2023;4550
14/08/2023;4600
15/08/2023;4550
16/08/2023;4550
18/08/2023;4525
21/08/2023;4562
22/08/2023;4550
23/08/2023;4537
24/08/2023;4562
25/08/2023;4550
28/08/2023;4550
29/08/2023;4575
30/08/2023;4600
31/08/2023;4587
01/09/2023;4587
04/09/2023;4725
05/09/2023;4812
06/09/2023;4787
07/09/2023;4750
08/09/2023;4687
11/09/2023;4725
12/09/2023;4650
13/09/2023;4675
14/09/2023;4725
15/09/2023;4737
18/09/2023;4675
19/09/2023;4725
20/09/2023;4787
21/09/2023;4800
22/09/2023;4875
25/09/2023;5025
26/09/2023;4987
27/09/2023;5062
29/09/2023;5162
02/10/2023;5150
03/10/2023;5212
04/10/2023;5187
05/10/2023;5187
06/10/2023;5200
09/10/2023;5100
10/10/2023;5200
11/10/2023;5175
12/10/2023;5325
13/10/2023;5175
16/10/2023;5200
17/10/2023;5200
18/10/2023;5125
19/10/2023;4940
20/10/2023;4970
23/10/2023;4990
24/10/2023;5000
25/10/2023;4970
26/10/2023;4880
27/10/2023;4850
30/10/2023;4850
31/10/2023;4790
01/11/2023;4820
02/11/2023;4870
03/11/2023;4890
06/11/2023;4970
07/11/2023;4940
08/11/2023;4880
09/11/2023;4860
10/11/2023;4860
13/11/2023;4890
14/11/2023;4880
15/11/2023;4980
16/11/2023;4950
17/11/2023;4980
20/11/2023;4980
21/11/2023;5075
22/11/2023;5075
23/11/2023;5150
24/11/2023;5200
27/11/2023;5275
28/11/2023;5175
29/11/2023;5225
30/11/2023;5275
01/12/2023;5250
04/12/2023;5300
05/12/2023;5300
06/12/2023;5225
07/12/2023;5275
08/12/2023;5075
11/12/2023;5175
12/12/2023;5275
13/12/2023;5175
14/12/2023;5350
15/12/2023;5275
18/12/2023;5200
19/12/2023;5200
20/12/2023;5200
21/12/2023;5150
22/12/2023;5250
27/12/2023;5275
28/12/2023;5350
29/12/2023;5375
